{"great": [0.47938097, 0.8776069], "wisdom": [0.99444586, -0.10524943], "man": [0.99992746, 0.012038238], "good": [0.33128518, 0.94353074], "hello": [0.28878218, -0.95739484], "water": [0.17053412, 0.9853518], "cooler": [0.8811815, -0.4727781], "guy": [-0.62373495, 0.7816359], "john": [0.8204979, 0.57164955], "dick": [0.93563545, 0.3529679], "piece": [0.9468571, -0.3216545], "shit": [-0.78682184, -0.6171802], "fuck": [-0.99805456, 0.062346373], "mom": [0.93829405, 0.34583864], "data": [0.89285374, 0.4503467], "humble": [-0.15295409, -0.98823327], "general": [0.7065413, 0.70767176], "mountain": [-0.08238921, -0.9966002], "fountain": [-0.72476375, -0.68899745], "business": [-0.99205637, -0.12579407], "toronto": [-0.8810265, -0.47306693], "tomato": [-0.38862696, -0.9213952], "cool": [0.06789508, -0.99769247], "grounded": [-0.8521379, 0.5233172], "coo": [0.9544303, -0.29843405], "dope": [0.19757567, -0.9802876], "sick": [-0.22446229, -0.9744828], "boy": [0.9302524, -0.36692023], "girl": [0.7394704, -0.673189], "human": [0.9959286, -0.09014573], "do": [0.7976782, 0.6030833], "awesome": [0.14850071, -0.98891234], "global": [0.63393915, 0.77338296], "local": [-0.6022433, 0.7983126], "focal": [0.60927474, -0.7929592], "eye": [0.47017583, -0.88257277], "heart": [0.3788421, -0.92546135], "night": [-0.9999745, 0.0071435436], "try": [-0.9207974, 0.39004105], "king": [0.86044836, -0.50953764], "lion": [0.43688872, -0.89951557], "fire": [0.9972333, 0.07433582], "trial": [-0.99999696, 0.0024684868], "orange": [-0.97801316, -0.20854321], "pick": [0.57220876, -0.820108], "lope": [0.75527704, -0.65540564], "house": [0.7579164, -0.6523517], "donkey": [0.8985746, -0.43882093], "rise": [-0.43624476, -0.899828], "diss": [0.9860491, 0.16645484], "dude": [-0.5069118, -0.8619979], "damn": [-0.47660568, -0.8791172], "wanting": [-0.8705287, -0.49211767], "light": [0.32045415, -0.947264], "fir": [-0.9903481, 0.13860272], "bright": [-0.31541544, -0.9489537], "dull": [-0.86850953, -0.4956725], "boring": [-0.80466044, -0.5937353], "exciting": [-0.9958082, -0.09146581], "depress": [-0.6744925, -0.7382817], "finish": [0.5811011, 0.8138314], "wonder": [-0.43983716, -0.89807755], "lesbian": [0.8104135, -0.5858584], "homo": [0.28399593, -0.95882547], "fish": [-0.12139285, -0.9926045], "horse": [0.7132083, -0.70095223], "monkey": [0.9968483, -0.07933136], "joker": [0.20184946, -0.97941655], "money": [0.8198195, -0.572622], "parrot": [0.9057831, -0.42374155], "hamper": [-0.8479548, 0.5300686], "thanks": [0.9981353, -0.061040275], "pool": [0.74812055, -0.66356283], "polo": [-0.10658159, 0.99430394], "yak": [-0.16500315, -0.9862931], "elk": [-0.27685207, -0.9609126], "tiger": [-0.44860408, -0.8937306], "mon": [0.99221724, -0.12451877], "monday": [0.9693717, 0.24559827], "hundred": [-0.87069315, -0.49182668], "cat": [0.73651284, -0.6764236], "AI": [-0.31385565, -0.9494707], "girlfriend": [0.18600836, -0.98254824], "bacon": [0.96484405, -0.26282313], "coffee": [-0.93647695, 0.3507292], "slack": [0.9029568, -0.42973146], "idol": [0.66960984, -0.742713], "cola": [0.78144825, -0.6239701], "soda": [0.59311026, -0.8051212], "office": [-0.87253845, 0.4885455], "bottle": [0.6337918, 0.7735036], "cup": [0.87115216, -0.49101305], "computer": [-0.81204134, 0.58359987], "tunnel": [-0.63040644, -0.7762652], "puzzle": [-0.81118417, -0.5847907], "diet": [-0.3038816, -0.9527098], "juice": [-0.816448, 0.577419], "time": [-0.75442606, -0.656385], "text": [-0.19753622, 0.9802956], "disc": [0.9889005, -0.1485791], "fetch": [-0.89975715, -0.43639094], "get": [-0.7829918, 0.622032], "please": [0.7379417, -0.6748645], "task": [-0.90987855, 0.41487467], "point": [-0.8200935, -0.57222944], "right": [-0.79359937, -0.60844076], "wring": [0.10650568, 0.9943121], "reach": [0.99882334, -0.048495974], "pentagon": [-0.8033526, -0.5955036], "ultra": [-0.6528487, -0.7574883], "harder": [0.16128305, -0.9869082], "faster": [-0.8654422, -0.5010088], "notion": [0.70798117, -0.70623136], "website": [0.0937939, 0.99559164], "internet": [0.045530673, -0.9989629], "language": [-0.17345071, -0.98484254], "physics": [-0.97602016, 0.21768008], "height": [0.54078203, -0.84116274], "woman": [0.8669906, -0.49832433], "timer": [-0.9182433, 0.39601684], "eight": [-0.18596199, -0.98255694], "gorilla": [0.80155534, -0.59792066], "faker": [-0.21852545, -0.9758312], "fast": [-0.57240695, 0.81996965], "fake": [-0.9467365, -0.32200915], "shake": [-0.44663504, -0.89471626], "real": [0.22740602, 0.9738], "unicorn": [0.50907046, -0.86072487], "python": [-0.66944546, -0.7428612], "pond": [0.8084424, -0.5885753], "jumble": [-0.4764613, 0.87919545], "word": [-0.42591923, 0.9047612], "dictionary": [-0.37570006, -0.9267413], "robot": [0.9926639, -0.12090636], "cleaner": [0.604999, -0.79622614], "chore": [0.8853112, -0.46499914], "ground": [-0.8919191, 0.4521951], "fight": [-0.12442464, 0.99222904], "battle": [0.8187128, -0.5742032], "tailwind": [0.969734, -0.24416363], "document": [0.1298649, 0.9915317], "sweet": [0.5216506, -0.8531592], "whale": [0.9991924, 0.040179614], "grate": [-0.84950775, 0.52757615], "poker": [-0.9954679, -0.09509813], "width": [0.9573067, -0.28907436], "peace": [0.72366804, -0.69014823], "rose": [-0.5493294, -0.8356059], "loser": [-0.5096015, -0.8604105], "lose": [0.26095533, 0.96535087], "double": [0.737831, -0.67498547], "polygon": [-0.27089626, -0.9626086], "nice": [0.35652238, -0.93428683], "hi": [-0.19267459, -0.98126274], "tank": [-0.88843566, 0.45900106], "wannabe": [0.8703218, -0.4924835], "honey": [0.9349253, 0.35484445], "stuff": [0.46372846, -0.8859773], "matter": [0.28530523, 0.9584367], "function": [-0.11414483, 0.9934641], "death": [0.70601976, 0.7081921], "alive": [0.9866172, -0.16305366], "lighter": [0.8259343, -0.56376636], "longevity": [0.96459365, -0.26374072], "health": [0.31339058, 0.9496244], "stick": [0.9917802, -0.12795372], "plump": [0.5237734, 0.8518576], "swim": [0.15072282, 0.98857605], "basket": [0.5783977, -0.81575495], "love": [0.68235326, -0.73102254], "restart": [-0.005930872, 0.9999824], "end": [0.97605586, 0.21751992], "bloom": [0.97715217, 0.2125409], "flower": [0.80367833, -0.595064], "dupe": [-0.55525064, -0.83168304], "duet": [-0.24424031, -0.96971476], "beats": [-0.3281942, -0.94461024], "phase": [-0.6432882, -0.76562417], "canvas": [0.726561, -0.68710196], "web": [0.5382072, 0.8428126], "audio": [0.4628143, 0.88645524], "message": [0.8484862, -0.52921754], "font": [-0.9777798, -0.20963475], "chocolate": [0.28092894, -0.95972854], "dialect": [0.58368456, -0.8119805], "funk": [-0.9277116, 0.37329766], "duke": [-0.68767256, -0.726021], "men": [0.8589229, 0.512105], "snake": [0.9299809, -0.36760804], "zombie": [0.33339566, 0.942787], "martian": [-0.9919957, 0.1262717], "sun": [-0.3686767, -0.92955774], "blow": [0.8178064, 0.5754934], "usually": [0.39541772, 0.9185014], "businesses": [0.7028756, 0.7113128], "bus": [-0.99487823, -0.101080865], "job": [-0.90513194, 0.42513072], "picker": [-0.06891907, -0.9976222], "ticker": [0.20063074, -0.9796669], "fighter": [-0.99602526, -0.089070655], "sight": [0.906597, 0.42199752], "yam": [0.9418839, -0.3359386], "sail": [0.5116908, 0.8591697], "jail": [-0.76627517, -0.64251256], "winter": [-0.83164257, -0.55531126], "dork": [0.23105413, -0.9729409], "down": [-0.23163791, 0.9728021], "walk": [0.9751008, 0.22176205], "power": [0.999978, 0.006634706], "wild": [0.90212595, -0.43147284], "poke": [0.7996501, -0.60046625], "powder": [0.32846192, -0.94451725], "lombard": [-0.028224107, -0.99960154], "panic": [-0.260466, -0.965483], "sex": [0.8475131, 0.5307745], "ride": [0.996253, -0.08648675], "fig": [-0.9398409, 0.3416123], "bee": [0.99977833, 0.021054005], "shark": [-0.8889966, -0.45791376], "pilot": [-0.8380552, 0.5455855], "drink": [-0.9997869, 0.020641668], "monk": [-0.8648343, -0.5020574], "yogurt": [0.04400641, -0.99903125], "face": [0.9764004, -0.21596839], "book": [-0.6447697, 0.7643769], "laundry": [-0.7350814, -0.6779789],